date,day_of_year,weekday,season,period,temperature_c,humidity_pct,pm25_ugm3,wind_speed_ms,rainfall_mm
2023-01-01,1,Sun,cool,pre_policy,22.41,84.3,13.6,2.77,0.0
2023-01-02,2,Mon,cool,pre_policy,20.79,83.8,11.9,1.62,25.8
2023-01-03,3,Tue,cool,pre_policy,22.93,83.8,11.5,1.58,0.0
2023-01-04,4,Wed,cool,pre_policy,23.15,80.5,18.3,2.31,0.0
2023-01-05,5,Thu,cool,pre_policy,19.68,84.9,21.2,2.41,0.0
2023-01-06,6,Fri,cool,pre_policy,20.45,83.6,16.7,1.0,0.0
2023-01-07,7,Sat,cool,pre_policy,22.17,84.5,8.9,2.18,0.0
2023-01-08,8,Sun,cool,pre_policy,21.63,84.8,5.0,2.32,0.0
2023-01-09,9,Mon,cool,pre_policy,22.0,74.6,10.2,2.17,0.0
2023-01-10,10,Tue,cool,pre_policy,21.0,72.7,8.8,1.76,0.0
2023-01-11,11,Wed,cool,pre_policy,23.08,83.8,18.5,1.96,4.7
2023-01-12,12,Thu,cool,pre_policy,22.96,84.4,23.8,2.22,0.0
2023-01-13,13,Fri,cool,pre_policy,22.12,76.0,18.5,2.42,4.8
2023-01-14,14,Sat,cool,pre_policy,23.4,71.3,6.0,2.79,0.0
2023-01-15,15,Sun,cool,pre_policy,22.62,79.6,11.7,3.13,0.0
2023-01-16,16,Mon,cool,pre_policy,21.04,83.9,18.7,2.17,0.0
2023-01-17,17,Tue,cool,pre_policy,22.52,86.0,30.3,2.07,0.0
2023-01-18,18,Wed,cool,pre_policy,20.95,81.8,12.8,2.7,0.9
2023-01-19,19,Thu,cool,pre_policy,23.17,76.3,18.5,2.83,0.0
2023-01-20,20,Fri,cool,pre_policy,22.07,74.8,29.3,2.11,0.0
2023-01-21,21,Sat,cool,pre_policy,21.93,78.3,21.9,2.98,2.6
2023-01-22,22,Sun,cool,pre_policy,21.35,77.3,17.8,3.12,0.7
2023-01-23,23,Mon,cool,pre_policy,23.66,,22.4,3.34,0.0
2023-01-24,24,Tue,cool,pre_policy,22.03,85.6,23.9,3.69,0.0
2023-01-25,25,Wed,cool,pre_policy,21.73,84.6,26.5,1.85,0.0
2023-01-26,26,Thu,cool,pre_policy,21.85,81.6,18.9,2.48,0.0
2023-01-27,27,Fri,cool,pre_policy,22.94,72.3,27.7,2.48,0.0
2023-01-28,28,Sat,cool,pre_policy,22.76,79.3,15.3,2.41,0.0
2023-01-29,29,Sun,cool,pre_policy,22.85,78.1,19.2,2.04,0.0
2023-01-30,30,Mon,cool,pre_policy,22.91,77.0,25.3,1.46,0.0
2023-01-31,31,Tue,cool,pre_policy,24.99,78.3,21.8,2.57,0.4
2023-02-01,32,Wed,cool,pre_policy,21.97,78.0,25.1,1.98,0.0
2023-02-02,33,Thu,cool,pre_policy,21.88,78.2,22.5,2.59,0.0
2023-02-03,34,Fri,cool,pre_policy,21.55,77.8,20.7,1.98,0.0
2023-02-04,35,Sat,cool,pre_policy,23.31,,23.1,1.77,0.0
2023-02-05,36,Sun,cool,pre_policy,23.96,65.7,14.8,2.72,0.0
2023-02-06,37,Mon,cool,pre_policy,22.51,74.1,28.8,2.67,0.0
2023-02-07,38,Tue,cool,pre_policy,21.69,71.9,21.9,2.97,0.0
2023-02-08,39,Wed,cool,pre_policy,21.75,68.7,31.6,4.11,6.3
2023-02-09,40,Thu,cool,pre_policy,23.56,78.8,22.5,2.78,0.0
2023-02-10,41,Fri,cool,pre_policy,23.72,78.6,26.0,2.93,0.0
2023-02-11,42,Sat,cool,pre_policy,23.53,77.1,24.7,1.85,0.0
2023-02-12,43,Sun,cool,pre_policy,22.13,73.5,29.8,1.71,0.0
2023-02-13,44,Mon,cool,pre_policy,23.26,76.7,31.8,3.73,0.0
2023-02-14,45,Tue,cool,pre_policy,23.17,71.2,29.5,1.98,1.3
2023-02-15,46,Wed,cool,pre_policy,23.35,71.5,33.5,1.91,0.0
2023-02-16,47,Thu,cool,pre_policy,24.18,65.4,20.9,2.62,0.0
2023-02-17,48,Fri,cool,pre_policy,23.46,71.7,31.6,2.59,0.0
2023-02-18,49,Sat,cool,pre_policy,24.06,69.6,40.8,2.03,0.0
2023-02-19,50,Sun,cool,pre_policy,23.39,64.5,26.9,2.46,0.0
2023-02-20,51,Mon,cool,pre_policy,23.71,69.0,33.5,3.54,6.5
2023-02-21,52,Tue,cool,pre_policy,24.18,68.2,36.3,2.12,0.0
2023-02-22,53,Wed,cool,pre_policy,21.74,77.4,38.5,1.72,0.0
2023-02-23,54,Thu,cool,pre_policy,23.16,72.4,24.5,3.36,0.0
2023-02-24,55,Fri,cool,pre_policy,23.05,68.8,26.5,3.05,0.0
2023-02-25,56,Sat,cool,pre_policy,22.91,69.6,34.9,2.28,0.0
2023-02-26,57,Sun,cool,pre_policy,23.41,68.1,25.7,1.62,0.0
2023-02-27,58,Mon,cool,pre_policy,25.6,65.1,42.8,2.21,0.0
2023-02-28,59,Tue,cool,pre_policy,22.83,63.6,35.1,2.7,0.0
2023-03-01,60,Wed,hot,pre_policy,25.1,65.2,27.4,3.56,0.0
2023-03-02,61,Thu,hot,pre_policy,21.99,65.1,31.2,2.03,0.0
2023-03-03,62,Fri,hot,pre_policy,23.68,61.5,24.2,2.7,0.0
2023-03-04,63,Sat,hot,pre_policy,24.35,67.8,35.7,3.24,0.0
2023-03-05,64,Sun,hot,pre_policy,24.93,66.6,31.4,1.11,0.0
2023-03-06,65,Mon,hot,pre_policy,25.15,57.5,37.2,3.51,2.4
2023-03-07,66,Tue,hot,pre_policy,25.32,63.8,45.1,1.96,0.0
2023-03-08,67,Wed,hot,pre_policy,24.02,69.1,46.2,3.03,0.0
2023-03-09,68,Thu,hot,pre_policy,23.96,69.1,39.8,2.98,0.0
2023-03-10,69,Fri,hot,pre_policy,25.62,67.5,30.4,3.57,0.0
2023-03-11,70,Sat,hot,pre_policy,24.44,64.2,43.1,3.2,0.0
2023-03-12,71,Sun,hot,pre_policy,23.22,61.5,38.2,1.16,0.0
2023-03-13,72,Mon,hot,pre_policy,23.46,60.1,43.9,2.28,0.0
2023-03-14,73,Tue,hot,pre_policy,23.8,65.3,47.7,2.93,0.0
2023-03-15,74,Wed,hot,pre_policy,25.58,63.8,37.4,2.71,0.0
2023-03-16,75,Thu,hot,pre_policy,25.23,67.5,53.7,3.18,0.0
2023-03-17,76,Fri,hot,pre_policy,25.97,66.0,39.3,3.41,0.0
2023-03-18,77,Sat,hot,pre_policy,24.71,61.9,46.7,3.29,0.0
2023-03-19,78,Sun,hot,pre_policy,25.5,56.6,30.0,2.72,0.0
2023-03-20,79,Mon,hot,pre_policy,26.14,59.6,40.7,1.58,0.0
2023-03-21,80,Tue,hot,pre_policy,25.1,62.4,53.3,2.56,0.0
2023-03-22,81,Wed,hot,pre_policy,26.1,59.7,44.8,3.18,0.0
2023-03-23,82,Thu,hot,pre_policy,24.84,59.0,50.8,2.13,0.0
2023-03-24,83,Fri,hot,pre_policy,25.29,61.8,48.1,3.34,0.0
2023-03-25,84,Sat,hot,pre_policy,25.35,58.5,45.3,3.54,11.8
2023-03-26,85,Sun,hot,pre_policy,24.46,58.6,48.1,2.99,0.0
2023-03-27,86,Mon,hot,pre_policy,26.56,60.5,47.0,0.77,0.0
2023-03-28,87,Tue,hot,pre_policy,25.5,58.3,39.7,2.02,0.0
2023-03-29,88,Wed,hot,pre_policy,26.16,60.2,44.9,4.24,0.0
2023-03-30,89,Thu,hot,pre_policy,26.81,59.6,52.1,2.54,0.0
2023-03-31,90,Fri,hot,pre_policy,26.86,53.8,51.7,1.54,0.0
2023-04-01,91,Sat,hot,pre_policy,27.21,56.0,40.8,3.8,0.0
2023-04-02,92,Sun,hot,pre_policy,26.38,64.2,40.4,2.95,0.0
2023-04-03,93,Mon,hot,pre_policy,26.08,53.8,48.0,3.72,0.0
2023-04-04,94,Tue,hot,pre_policy,26.57,49.5,49.4,3.14,0.0
2023-04-05,95,Wed,hot,pre_policy,24.73,51.8,44.7,3.27,4.3
2023-04-06,96,Thu,hot,pre_policy,25.11,59.0,48.8,3.21,0.0
2023-04-07,97,Fri,hot,pre_policy,25.35,58.6,48.7,3.45,0.0
2023-04-08,98,Sat,hot,pre_policy,25.83,57.5,55.0,4.55,0.0
2023-04-09,99,Sun,hot,pre_policy,27.59,61.3,50.6,3.64,0.0
2023-04-10,100,Mon,hot,pre_policy,26.11,46.8,52.6,1.86,0.0
2023-04-11,101,Tue,hot,pre_policy,26.83,58.4,51.8,3.28,0.0
2023-04-12,102,Wed,hot,pre_policy,28.93,61.3,54.8,3.77,0.0
2023-04-13,103,Thu,hot,pre_policy,27.03,51.9,50.3,3.82,0.0
2023-04-14,104,Fri,hot,pre_policy,28.44,53.7,49.0,2.68,0.0
2023-04-15,105,Sat,hot,pre_policy,26.52,53.6,48.8,3.8,0.0
2023-04-16,106,Sun,hot,pre_policy,27.48,52.2,45.7,3.63,0.0
2023-04-17,107,Mon,hot,pre_policy,26.67,55.0,49.8,4.79,0.0
2023-04-18,108,Tue,hot,pre_policy,27.49,61.3,56.8,2.46,0.0
2023-04-19,109,Wed,hot,pre_policy,29.0,61.6,59.9,2.63,6.9
2023-04-20,110,Thu,hot,pre_policy,21.55,73.1,19.4,7.38,56.246104785215756
2023-04-21,111,Fri,hot,pre_policy,28.68,62.0,57.0,2.65,0.0
2023-04-22,112,Sat,hot,pre_policy,28.53,54.5,54.5,2.37,0.0
2023-04-23,113,Sun,hot,pre_policy,27.62,62.1,52.6,1.06,0.0
2023-04-24,114,Mon,hot,pre_policy,26.68,55.4,57.6,2.69,0.0
2023-04-25,115,Tue,hot,pre_policy,28.59,54.7,50.7,3.26,0.0
2023-04-26,116,Wed,hot,pre_policy,27.95,56.1,51.9,2.65,0.0
2023-04-27,117,Thu,hot,pre_policy,28.95,66.5,58.6,4.35,0.0
2023-04-28,118,Fri,hot,pre_policy,28.78,57.2,63.8,3.01,0.0
2023-04-29,119,Sat,hot,pre_policy,30.76,49.4,46.4,3.9,0.0
2023-04-30,120,Sun,hot,pre_policy,28.64,57.7,54.4,3.18,0.0
2023-05-01,121,Mon,hot,pre_policy,21.94,69.4,26.1,7.77,50.5827847564868
2023-05-02,122,Tue,hot,pre_policy,29.31,51.3,58.8,3.2,0.0
2023-05-03,123,Wed,hot,pre_policy,29.44,56.8,62.6,3.96,0.0
2023-05-04,124,Thu,hot,pre_policy,30.88,52.1,56.5,3.04,0.0
2023-05-05,125,Fri,hot,pre_policy,30.34,53.5,59.6,3.35,0.0
2023-05-06,126,Sat,hot,pre_policy,29.84,52.8,50.8,3.25,0.0
2023-05-07,127,Sun,hot,pre_policy,23.85,77.9,17.0,6.12,43.56940664125185
2023-05-08,128,Mon,hot,pre_policy,28.15,55.8,65.5,3.28,0.0
2023-05-09,129,Tue,hot,pre_policy,28.88,45.7,56.0,4.56,0.0
2023-05-10,130,Wed,hot,pre_policy,28.61,56.4,58.9,2.81,0.0
2023-05-11,131,Thu,hot,pre_policy,29.34,49.2,54.4,3.29,0.0
2023-05-12,132,Fri,hot,pre_policy,28.23,48.3,54.4,3.87,0.0
2023-05-13,133,Sat,hot,pre_policy,30.72,51.8,59.2,3.79,0.0
2023-05-14,134,Sun,hot,pre_policy,29.76,53.2,51.6,3.0,0.0
2023-05-15,135,Mon,hot,pre_policy,28.34,51.2,63.8,1.32,0.0
2023-05-16,136,Tue,hot,pre_policy,28.96,56.9,64.3,3.35,0.0
2023-05-17,137,Wed,hot,pre_policy,30.62,46.9,63.7,1.43,0.0
2023-05-18,138,Thu,hot,pre_policy,31.32,50.1,63.4,4.01,0.0
2023-05-19,139,Fri,hot,pre_policy,32.78,48.3,70.2,3.1,0.0
2023-05-20,140,Sat,hot,pre_policy,33.95,49.5,55.6,3.67,0.0
2023-05-21,141,Sun,hot,pre_policy,31.02,53.2,55.7,2.34,2.4
2023-05-22,142,Mon,hot,pre_policy,29.4,49.4,68.3,1.88,0.0
2023-05-23,143,Tue,hot,pre_policy,28.1,57.5,69.0,3.15,0.0
2023-05-24,144,Wed,hot,pre_policy,31.04,52.5,55.6,2.94,0.0
2023-05-25,145,Thu,hot,pre_policy,29.81,45.8,61.2,2.61,0.0
2023-05-26,146,Fri,hot,pre_policy,30.35,45.1,69.6,3.01,5.9
2023-05-27,147,Sat,hot,pre_policy,30.18,53.1,63.9,4.89,6.1
2023-05-28,148,Sun,hot,pre_policy,30.8,51.9,57.4,3.53,0.0
2023-05-29,149,Mon,hot,pre_policy,32.31,51.2,61.9,3.68,0.0
2023-05-30,150,Tue,hot,pre_policy,31.28,52.5,61.1,3.53,0.0
2023-05-31,151,Wed,hot,pre_policy,30.96,53.8,64.4,3.97,3.6
2023-06-01,152,Thu,rainy,pre_policy,23.9,81.4,24.7,6.16,35.71315041267301
2023-06-02,153,Fri,rainy,pre_policy,29.25,50.0,62.8,1.49,0.0
2023-06-03,154,Sat,rainy,pre_policy,30.73,48.7,61.9,2.79,0.0
2023-06-04,155,Sun,rainy,pre_policy,31.3,48.7,53.1,3.49,0.0
2023-06-05,156,Mon,rainy,pre_policy,33.54,52.5,65.6,2.23,0.0
2023-06-06,157,Tue,rainy,pre_policy,31.62,58.0,77.5,2.78,15.9
2023-06-07,158,Wed,rainy,pre_policy,32.7,50.6,54.0,2.42,0.0
2023-06-08,159,Thu,rainy,pre_policy,30.97,43.8,64.5,3.95,0.0
2023-06-09,160,Fri,rainy,pre_policy,30.19,47.8,59.0,3.42,0.0
2023-06-10,161,Sat,rainy,pre_policy,30.5,51.1,64.1,3.34,0.0
2023-06-11,162,Sun,rainy,pre_policy,30.83,52.1,56.4,3.32,0.0
2023-06-12,163,Mon,rainy,pre_policy,34.3,50.1,66.4,2.85,0.0
2023-06-13,164,Tue,rainy,pre_policy,30.8,54.8,68.4,3.01,10.1
2023-06-14,165,Wed,rainy,pre_policy,32.83,51.9,63.4,2.04,0.0
2023-06-15,166,Thu,rainy,pre_policy,30.78,59.2,68.0,1.33,0.0
2023-06-16,167,Fri,rainy,pre_policy,33.02,50.6,50.5,2.96,9.7
2023-06-17,168,Sat,rainy,pre_policy,32.4,50.5,68.6,3.07,0.0
2023-06-18,169,Sun,rainy,pre_policy,31.79,56.5,57.4,3.69,0.0
2023-06-19,170,Mon,rainy,pre_policy,31.96,48.5,67.3,3.93,1.8
2023-06-20,171,Tue,rainy,pre_policy,31.25,57.0,55.7,3.93,8.6
2023-06-21,172,Wed,rainy,pre_policy,32.61,54.9,57.5,2.12,0.0
2023-06-22,173,Thu,rainy,pre_policy,31.55,54.9,62.2,2.57,0.0
2023-06-23,174,Fri,rainy,pre_policy,30.66,62.8,61.3,3.14,0.0
2023-06-24,175,Sat,rainy,pre_policy,30.62,54.1,61.1,4.57,0.0
2023-06-25,176,Sun,rainy,pre_policy,32.39,63.6,59.9,3.83,6.0
2023-06-26,177,Mon,rainy,pre_policy,34.1,53.3,52.0,3.57,0.0
2023-06-27,178,Tue,rainy,pre_policy,32.42,50.6,65.5,2.51,0.0
2023-06-28,179,Wed,rainy,pre_policy,32.1,56.5,60.5,2.15,0.0
2023-06-29,180,Thu,rainy,pre_policy,32.61,51.7,59.3,3.32,1.3
2023-06-30,181,Fri,rainy,pre_policy,33.85,52.2,52.7,1.99,0.0
2023-07-01,182,Sat,rainy,pre_policy,32.56,58.0,60.9,2.58,12.3
2023-07-02,183,Sun,rainy,pre_policy,31.82,59.4,41.1,2.66,0.0
2023-07-03,184,Mon,rainy,pre_policy,33.65,53.5,62.7,3.85,0.0
2023-07-04,185,Tue,rainy,pre_policy,32.85,60.8,51.8,2.48,0.0
2023-07-05,186,Wed,rainy,pre_policy,34.19,60.6,59.3,1.01,0.0
2023-07-06,187,Thu,rainy,pre_policy,32.58,63.2,58.2,3.07,0.0
2023-07-07,188,Fri,rainy,pre_policy,30.9,61.1,64.4,2.22,0.0
2023-07-08,189,Sat,rainy,pre_policy,30.73,64.8,55.9,2.73,3.7
2023-07-09,190,Sun,rainy,pre_policy,34.36,49.2,48.1,2.63,0.0
2023-07-10,191,Mon,rainy,pre_policy,34.45,55.6,55.2,2.49,0.0
2023-07-11,192,Tue,rainy,pre_policy,32.17,55.4,63.9,3.23,12.6
2023-07-12,193,Wed,rainy,pre_policy,31.92,59.8,59.9,1.59,0.0
2023-07-13,194,Thu,rainy,pre_policy,34.13,55.5,55.0,2.29,0.0
2023-07-14,195,Fri,rainy,pre_policy,31.05,59.8,55.5,3.13,0.0
2023-07-15,196,Sat,rainy,pre_policy,31.3,68.1,47.1,2.21,0.0
2023-07-16,197,Sun,rainy,pre_policy,33.14,58.6,51.5,1.51,0.0
2023-07-17,198,Mon,rainy,pre_policy,31.89,62.2,47.0,3.09,9.0
2023-07-18,199,Tue,rainy,pre_policy,32.35,59.5,59.3,3.4,5.8
2023-07-19,200,Wed,rainy,pre_policy,32.15,61.1,55.8,2.58,0.0
2023-07-20,201,Thu,rainy,pre_policy,32.73,60.6,66.8,1.23,0.0
2023-07-21,202,Fri,rainy,pre_policy,34.01,61.6,49.1,3.08,9.8
2023-07-22,203,Sat,rainy,pre_policy,32.41,66.0,52.2,1.42,0.0
2023-07-23,204,Sun,rainy,pre_policy,33.06,67.7,56.4,2.79,0.0
2023-07-24,205,Mon,rainy,pre_policy,29.81,65.2,59.5,1.94,9.4
2023-07-25,206,Tue,rainy,pre_policy,32.19,64.6,49.8,1.74,0.0
2023-07-26,207,Wed,rainy,pre_policy,31.22,58.7,54.0,2.24,0.0
2023-07-27,208,Thu,rainy,pre_policy,30.75,63.6,52.6,2.41,0.0
2023-07-28,209,Fri,rainy,pre_policy,31.13,67.6,53.6,2.08,0.0
2023-07-29,210,Sat,rainy,pre_policy,31.76,67.1,46.9,2.93,0.0
2023-07-30,211,Sun,rainy,pre_policy,33.23,63.5,44.6,2.2,11.8
2023-07-31,212,Mon,rainy,pre_policy,30.51,68.7,43.2,3.19,9.1
2023-08-01,213,Tue,rainy,pre_policy,32.11,66.1,51.5,2.69,0.0
2023-08-02,214,Wed,rainy,pre_policy,31.47,69.7,52.7,2.0,0.0
2023-08-03,215,Thu,rainy,pre_policy,31.62,66.2,48.9,1.87,0.0
2023-08-04,216,Fri,rainy,pre_policy,33.19,62.6,41.6,1.32,0.0
2023-08-05,217,Sat,rainy,pre_policy,32.59,66.1,52.7,2.66,0.0
2023-08-06,218,Sun,rainy,pre_policy,33.52,52.5,44.2,2.2,0.0
2023-08-07,219,Mon,rainy,pre_policy,31.69,67.5,44.9,0.78,0.0
2023-08-08,220,Tue,rainy,pre_policy,31.0,52.2,46.7,2.06,1.4
2023-08-09,221,Wed,rainy,pre_policy,31.53,59.7,40.2,1.8,1.6
2023-08-10,222,Thu,rainy,pre_policy,32.05,68.3,42.2,3.52,6.5
2023-08-11,223,Fri,rainy,pre_policy,31.93,68.7,44.3,1.22,21.8
2023-08-12,224,Sat,rainy,pre_policy,30.37,63.7,51.2,1.39,3.1
2023-08-13,225,Sun,rainy,pre_policy,31.74,64.7,36.5,3.17,0.0
2023-08-14,226,Mon,rainy,pre_policy,31.86,73.1,49.0,3.33,0.0
2023-08-15,227,Tue,rainy,pre_policy,34.56,63.8,42.7,1.86,0.0
2023-08-16,228,Wed,rainy,pre_policy,33.74,75.6,46.2,1.93,13.5
2023-08-17,229,Thu,rainy,pre_policy,30.41,69.6,43.8,2.79,0.0
2023-08-18,230,Fri,rainy,pre_policy,31.04,71.0,48.5,0.72,9.6
2023-08-19,231,Sat,rainy,pre_policy,29.58,77.2,39.5,1.04,11.7
2023-08-20,232,Sun,rainy,pre_policy,30.57,70.7,28.9,2.14,22.3
2023-08-21,233,Mon,rainy,pre_policy,31.61,65.6,36.0,3.41,8.6
2023-08-22,234,Tue,rainy,pre_policy,32.62,68.6,39.8,2.01,1.2
2023-08-23,235,Wed,rainy,pre_policy,30.24,71.1,35.8,2.38,0.0
2023-08-24,236,Thu,rainy,pre_policy,30.27,66.0,43.7,3.1,0.0
2023-08-25,237,Fri,rainy,pre_policy,28.42,72.2,38.9,3.77,0.0
2023-08-26,238,Sat,rainy,pre_policy,30.75,68.6,51.2,1.88,2.8
2023-08-27,239,Sun,rainy,pre_policy,29.6,76.4,25.2,2.27,0.0
2023-08-28,240,Mon,rainy,pre_policy,30.18,72.7,41.0,3.55,0.0
2023-08-29,241,Tue,rainy,pre_policy,29.7,72.0,33.9,1.2,2.8
2023-08-30,242,Wed,rainy,pre_policy,30.58,72.3,36.7,2.98,0.0
2023-08-31,243,Thu,rainy,pre_policy,28.52,75.5,39.4,1.54,3.6
2023-09-01,244,Fri,rainy,pre_policy,28.8,77.0,26.7,2.31,12.6
2023-09-02,245,Sat,rainy,pre_policy,33.05,67.4,37.5,2.06,3.5
2023-09-03,246,Sun,rainy,pre_policy,28.88,70.8,40.5,1.56,34.6
2023-09-04,247,Mon,rainy,pre_policy,29.04,79.5,34.8,1.53,3.0
2023-09-05,248,Tue,rainy,pre_policy,32.5,70.9,37.9,2.41,5.6
2023-09-06,249,Wed,rainy,pre_policy,33.71,66.1,41.3,2.9,0.6
2023-09-07,250,Thu,rainy,pre_policy,28.75,77.8,35.0,2.11,0.0
2023-09-08,251,Fri,rainy,pre_policy,29.64,77.4,32.5,2.24,3.7
2023-09-09,252,Sat,rainy,pre_policy,30.42,69.0,22.1,2.59,29.0
2023-09-10,253,Sun,rainy,pre_policy,32.01,75.0,31.2,1.5,5.4
2023-09-11,254,Mon,rainy,pre_policy,28.68,79.9,33.5,2.69,0.0
2023-09-12,255,Tue,rainy,pre_policy,29.49,78.0,28.6,2.74,0.8
2023-09-13,256,Wed,rainy,pre_policy,30.65,78.3,33.9,3.98,0.0
2023-09-14,257,Thu,rainy,pre_policy,30.16,70.8,30.0,1.89,3.0
2023-09-15,258,Fri,rainy,pre_policy,29.11,78.8,29.8,1.83,2.7
2023-09-16,259,Sat,rainy,pre_policy,29.32,76.3,33.6,2.68,26.4
2023-09-17,260,Sun,rainy,pre_policy,27.76,77.0,18.5,2.71,1.5
2023-09-18,261,Mon,rainy,pre_policy,29.04,81.6,36.5,1.75,0.0
2023-09-19,262,Tue,rainy,pre_policy,28.93,84.3,23.9,1.84,0.0
2023-09-20,263,Wed,rainy,pre_policy,24.7,99.0,10.9,6.46,59.449364528430806
2023-09-21,264,Thu,rainy,pre_policy,28.43,84.4,39.7,1.53,0.0
2023-09-22,265,Fri,rainy,pre_policy,29.58,78.0,35.3,1.82,0.5
2023-09-23,266,Sat,rainy,pre_policy,30.15,79.6,28.3,2.16,1.7
2023-09-24,267,Sun,rainy,pre_policy,29.04,82.3,17.7,2.79,3.3
2023-09-25,268,Mon,rainy,pre_policy,29.19,79.8,25.9,1.67,16.9
2023-09-26,269,Tue,rainy,pre_policy,28.75,80.3,28.5,0.8,0.0
2023-09-27,270,Wed,rainy,pre_policy,28.61,83.4,28.0,0.74,1.8
2023-09-28,271,Thu,rainy,pre_policy,27.66,80.8,27.0,1.2,4.6
2023-09-29,272,Fri,rainy,pre_policy,28.82,77.3,26.9,1.15,2.9
2023-09-30,273,Sat,rainy,pre_policy,28.24,79.2,24.1,1.96,0.2
2023-10-01,274,Sun,rainy,pre_policy,30.79,81.5,12.6,1.23,1.2
2023-10-02,275,Mon,rainy,pre_policy,30.08,79.7,23.4,1.57,0.0
2023-10-03,276,Tue,rainy,pre_policy,28.57,82.4,30.2,1.51,7.0
2023-10-04,277,Wed,rainy,pre_policy,27.11,85.1,18.4,1.74,3.7
2023-10-05,278,Thu,rainy,pre_policy,26.61,81.4,24.0,2.97,8.3
2023-10-06,279,Fri,rainy,pre_policy,29.29,83.9,20.5,2.51,13.5
2023-10-07,280,Sat,rainy,pre_policy,28.09,83.5,23.3,2.05,13.0
2023-10-08,281,Sun,rainy,pre_policy,28.27,77.1,15.5,1.72,0.0
2023-10-09,282,Mon,rainy,pre_policy,25.51,90.1,31.0,1.73,0.0
2023-10-10,283,Tue,rainy,pre_policy,28.63,80.0,25.8,2.26,1.4
2023-10-11,284,Wed,rainy,pre_policy,27.98,76.0,16.4,2.44,0.0
2023-10-12,285,Thu,rainy,pre_policy,26.02,80.1,26.0,1.39,0.8
2023-10-13,286,Fri,rainy,pre_policy,26.7,79.8,18.5,2.05,1.8
2023-10-14,287,Sat,rainy,pre_policy,27.5,83.5,17.6,0.6,0.0
2023-10-15,288,Sun,rainy,pre_policy,27.16,82.6,16.8,2.17,0.0
2023-10-16,289,Mon,rainy,pre_policy,26.67,82.8,19.0,2.55,0.0
2023-10-17,290,Tue,rainy,pre_policy,26.81,86.6,25.6,1.82,20.5
2023-10-18,291,Wed,rainy,pre_policy,26.55,85.8,17.0,3.28,1.3
2023-10-19,292,Thu,rainy,pre_policy,26.95,85.5,17.5,1.39,7.2
2023-10-20,293,Fri,rainy,pre_policy,28.45,84.7,17.0,2.16,13.9
2023-10-21,294,Sat,rainy,pre_policy,23.52,89.6,15.7,1.98,7.0
2023-10-22,295,Sun,rainy,pre_policy,26.24,76.6,18.8,1.94,4.0
2023-10-23,296,Mon,rainy,pre_policy,26.65,83.3,22.7,1.92,0.2
2023-10-24,297,Tue,rainy,pre_policy,26.71,76.1,27.8,2.08,8.9
2023-10-25,298,Wed,rainy,pre_policy,25.83,85.7,30.4,2.6,8.8
2023-10-26,299,Thu,rainy,pre_policy,24.09,87.0,13.7,2.97,6.6
2023-10-27,300,Fri,rainy,pre_policy,26.51,89.3,18.9,2.0,6.4
2023-10-28,301,Sat,rainy,pre_policy,28.11,88.6,11.0,2.57,9.3
2023-10-29,302,Sun,rainy,pre_policy,24.11,87.9,7.8,1.51,1.2
2023-10-30,303,Mon,rainy,pre_policy,26.91,82.9,14.8,2.54,3.6
2023-10-31,304,Tue,rainy,pre_policy,25.4,88.1,12.5,1.47,16.8
2023-11-01,305,Wed,cool,pre_policy,25.65,83.9,12.3,2.76,0.0
2023-11-02,306,Thu,cool,pre_policy,24.38,87.0,16.6,3.55,23.6
2023-11-03,307,Fri,cool,pre_policy,25.16,90.4,11.1,1.92,11.3
2023-11-04,308,Sat,cool,pre_policy,27.05,82.7,19.7,0.47,3.3
2023-11-05,309,Sun,cool,pre_policy,26.11,88.9,5.7,1.62,0.0
2023-11-06,310,Mon,cool,pre_policy,27.42,87.4,30.7,2.87,0.0
2023-11-07,311,Tue,cool,pre_policy,26.68,81.4,14.2,2.39,0.6
2023-11-08,312,Wed,cool,pre_policy,25.72,89.9,16.7,2.18,5.8
2023-11-09,313,Thu,cool,pre_policy,27.21,87.6,9.7,2.71,7.5
2023-11-10,314,Fri,cool,pre_policy,25.57,86.5,24.6,2.35,0.0
2023-11-11,315,Sat,cool,pre_policy,25.97,82.7,20.0,2.86,14.1
2023-11-12,316,Sun,cool,pre_policy,24.55,83.5,10.8,2.65,22.5
2023-11-13,317,Mon,cool,pre_policy,24.91,84.4,9.0,3.08,0.0
2023-11-14,318,Tue,cool,pre_policy,23.93,89.5,16.6,2.27,0.0
2023-11-15,319,Wed,cool,pre_policy,25.88,81.9,9.9,2.65,2.3
2023-11-16,320,Thu,cool,pre_policy,23.22,89.6,22.7,1.8,6.2
2023-11-17,321,Fri,cool,pre_policy,25.5,81.0,19.3,1.6,8.0
2023-11-18,322,Sat,cool,pre_policy,24.27,86.1,14.2,3.22,4.5
2023-11-19,323,Sun,cool,pre_policy,25.84,86.1,5.0,2.18,7.0
2023-11-20,324,Mon,cool,pre_policy,25.27,95.8,10.2,2.59,0.0
2023-11-21,325,Tue,cool,pre_policy,26.49,79.5,18.5,2.12,0.0
2023-11-22,326,Wed,cool,pre_policy,25.12,91.9,21.0,1.63,5.3
2023-11-23,327,Thu,cool,pre_policy,22.3,88.8,20.5,2.05,0.0
2023-11-24,328,Fri,cool,pre_policy,24.05,88.4,6.9,3.05,18.9
2023-11-25,329,Sat,cool,pre_policy,22.66,88.2,14.9,2.44,6.6
2023-11-26,330,Sun,cool,pre_policy,23.39,88.9,13.4,0.85,0.0
2023-11-27,331,Mon,cool,pre_policy,25.77,84.5,6.5,1.9,13.2
2023-11-28,332,Tue,cool,pre_policy,24.66,91.7,14.8,3.31,21.3
2023-11-29,333,Wed,cool,pre_policy,23.01,85.3,16.2,1.91,4.4
2023-11-30,334,Thu,cool,pre_policy,22.58,91.9,13.3,0.81,4.7
2023-12-01,335,Fri,cool,pre_policy,23.78,83.8,5.6,3.4,13.9
2023-12-02,336,Sat,cool,pre_policy,22.23,87.2,11.7,2.55,0.0
2023-12-03,337,Sun,cool,pre_policy,22.83,82.6,6.8,2.03,0.0
2023-12-04,338,Mon,cool,pre_policy,23.97,87.7,14.2,1.82,0.0
2023-12-05,339,Tue,cool,pre_policy,24.93,90.8,12.2,2.85,0.0
2023-12-06,340,Wed,cool,pre_policy,24.23,85.1,12.8,1.71,6.9
2023-12-07,341,Thu,cool,pre_policy,20.7,87.3,14.9,2.9,0.0
2023-12-08,342,Fri,cool,pre_policy,23.78,81.1,17.4,2.48,0.0
2023-12-09,343,Sat,cool,pre_policy,23.45,84.7,12.2,2.28,11.7
2023-12-10,344,Sun,cool,pre_policy,23.82,78.8,6.8,2.22,0.0
2023-12-11,345,Mon,cool,pre_policy,25.23,80.3,15.9,2.0,0.2
2023-12-12,346,Tue,cool,pre_policy,20.77,88.3,5.9,2.86,6.4
2023-12-13,347,Wed,cool,pre_policy,22.5,91.1,18.0,1.53,7.5
2023-12-14,348,Thu,cool,pre_policy,23.89,95.8,15.7,1.0,1.7
2023-12-15,349,Fri,cool,pre_policy,21.25,84.2,16.0,2.57,1.7
2023-12-16,350,Sat,cool,pre_policy,24.88,89.2,19.3,2.59,0.0
2023-12-17,351,Sun,cool,pre_policy,23.52,85.4,5.0,2.49,0.0
2023-12-18,352,Mon,cool,pre_policy,24.06,83.2,6.4,2.45,8.0
2023-12-19,353,Tue,cool,pre_policy,22.33,86.8,17.7,1.94,0.0
2023-12-20,354,Wed,cool,pre_policy,23.97,83.8,16.5,2.73,2.1
2023-12-21,355,Thu,cool,pre_policy,24.25,83.6,17.5,2.15,0.0
2023-12-22,356,Fri,cool,pre_policy,23.22,82.2,14.6,1.85,4.1
2023-12-23,357,Sat,cool,pre_policy,23.2,78.0,18.9,1.98,7.4
2023-12-24,358,Sun,cool,pre_policy,23.22,77.2,15.4,3.62,0.0
2023-12-25,359,Mon,cool,pre_policy,21.84,87.0,19.8,1.0,0.0
2023-12-26,360,Tue,cool,pre_policy,22.68,82.4,16.3,2.57,0.0
2023-12-27,361,Wed,cool,pre_policy,,80.9,7.3,1.05,0.0
2023-12-28,362,Thu,cool,pre_policy,23.28,82.6,21.9,2.16,0.0
2023-12-29,363,Fri,cool,pre_policy,24.01,85.0,24.3,1.93,0.0
2023-12-30,364,Sat,cool,pre_policy,21.53,84.3,20.2,0.79,1.7
2023-12-31,365,Sun,cool,pre_policy,22.63,79.9,7.8,2.53,1.1
2024-01-01,1,Mon,cool,post_policy,24.55,85.7,14.3,1.99,1.5
2024-01-02,2,Tue,cool,post_policy,21.87,89.0,15.4,0.8,0.0
2024-01-03,3,Wed,cool,post_policy,21.77,84.6,19.2,2.86,0.0
2024-01-04,4,Thu,cool,post_policy,23.0,85.3,7.3,3.29,0.0
2024-01-05,5,Fri,cool,post_policy,23.76,85.5,10.8,3.33,0.0
2024-01-06,6,Sat,cool,post_policy,22.76,85.7,14.4,2.55,0.0
2024-01-07,7,Sun,cool,post_policy,24.34,82.1,6.2,2.34,0.0
2024-01-08,8,Mon,cool,post_policy,23.77,82.3,7.1,3.24,0.0
2024-01-09,9,Tue,cool,post_policy,23.76,81.7,15.1,3.5,0.0
2024-01-10,10,Wed,cool,post_policy,23.41,75.3,16.2,3.12,0.0
2024-01-11,11,Thu,cool,post_policy,25.55,80.6,14.0,1.68,0.0
2024-01-12,12,Fri,cool,post_policy,22.51,74.5,15.0,2.49,0.0
2024-01-13,13,Sat,cool,post_policy,20.36,78.3,11.4,2.66,0.0
2024-01-14,14,Sun,cool,post_policy,24.7,83.0,15.4,1.1,0.0
2024-01-15,15,Mon,cool,post_policy,22.24,82.8,10.3,2.7,0.0
2024-01-16,16,Tue,cool,post_policy,22.93,84.6,12.2,3.97,0.0
2024-01-17,17,Wed,cool,post_policy,24.38,76.2,15.5,2.84,5.8
2024-01-18,18,Thu,cool,post_policy,20.9,75.2,20.2,3.43,0.0
2024-01-19,19,Fri,cool,post_policy,21.34,78.3,8.6,2.53,0.0
2024-01-20,20,Sat,cool,post_policy,20.94,79.7,8.4,2.36,2.6
2024-01-21,21,Sun,cool,post_policy,21.93,78.6,5.0,2.69,0.0
2024-01-22,22,Mon,cool,post_policy,23.43,81.3,17.3,1.86,0.0
2024-01-23,23,Tue,cool,post_policy,23.55,75.0,11.9,1.77,0.0
2024-01-24,24,Wed,cool,post_policy,23.28,77.8,15.9,3.33,0.0
2024-01-25,25,Thu,cool,post_policy,21.28,73.8,21.5,3.42,6.6
2024-01-26,26,Fri,cool,post_policy,20.23,80.2,15.4,1.77,0.0
2024-01-27,27,Sat,cool,post_policy,23.09,75.8,18.6,3.15,0.0
2024-01-28,28,Sun,cool,post_policy,22.49,73.1,11.3,2.42,0.0
2024-01-29,29,Mon,cool,post_policy,23.64,73.9,23.1,2.73,0.0
2024-01-30,30,Tue,cool,post_policy,23.96,73.6,22.5,2.82,0.0
2024-01-31,31,Wed,cool,post_policy,23.32,73.5,17.0,3.2,0.0
2024-02-01,32,Thu,cool,post_policy,24.1,80.8,20.0,2.58,0.0
2024-02-02,33,Fri,cool,post_policy,23.5,73.6,26.5,3.51,0.0
2024-02-03,34,Sat,cool,post_policy,23.9,72.4,22.1,2.75,0.0
2024-02-04,35,Sun,cool,post_policy,22.45,65.9,8.6,2.98,0.0
2024-02-05,36,Mon,cool,post_policy,23.12,69.9,25.7,1.97,0.0
2024-02-06,37,Tue,cool,post_policy,23.62,71.8,17.4,4.07,0.0
2024-02-07,38,Wed,cool,post_policy,24.41,69.2,30.3,2.9,0.0
2024-02-08,39,Thu,cool,post_policy,23.0,78.3,28.8,3.08,12.2
2024-02-09,40,Fri,cool,post_policy,24.14,71.0,25.6,1.46,0.0
2024-02-10,41,Sat,cool,post_policy,23.24,77.3,23.8,2.02,0.0
2024-02-11,42,Sun,cool,post_policy,23.47,,17.4,3.47,5.1
2024-02-12,43,Mon,cool,post_policy,24.65,70.6,28.8,2.81,0.0
2024-02-13,44,Tue,cool,post_policy,21.32,72.5,23.9,1.28,0.0
2024-02-14,45,Wed,cool,post_policy,22.2,71.9,27.4,3.35,0.6
2024-02-15,46,Thu,cool,post_policy,22.03,78.7,31.0,2.26,2.9
2024-02-16,47,Fri,cool,post_policy,21.07,63.0,24.3,3.63,0.0
2024-02-17,48,Sat,cool,post_policy,23.11,62.4,22.9,2.59,0.0
2024-02-18,49,Sun,cool,post_policy,24.88,66.6,15.5,2.8,3.8
2024-02-19,50,Mon,cool,post_policy,23.69,69.5,23.0,3.49,0.0
2024-02-20,51,Tue,cool,post_policy,24.33,71.4,19.7,2.05,0.0
2024-02-21,52,Wed,cool,post_policy,25.46,69.4,32.9,1.99,0.0
2024-02-22,53,Thu,cool,post_policy,25.81,65.5,38.7,2.56,0.0
2024-02-23,54,Fri,cool,post_policy,24.19,72.1,37.2,3.28,0.0
2024-02-24,55,Sat,cool,post_policy,25.97,70.5,20.9,1.78,0.0
2024-02-25,56,Sun,cool,post_policy,24.52,68.0,28.1,1.55,0.0
2024-02-26,57,Mon,cool,post_policy,23.46,71.7,38.5,3.3,0.0
2024-02-27,58,Tue,cool,post_policy,23.82,68.4,29.6,2.31,10.1
2024-02-28,59,Wed,cool,post_policy,22.83,65.7,32.8,2.46,0.0
2024-02-29,60,Thu,hot,post_policy,23.61,69.8,22.7,1.45,8.7
2024-03-01,61,Fri,hot,post_policy,24.31,66.7,34.5,2.28,0.0
2024-03-02,62,Sat,hot,post_policy,25.77,64.8,26.8,2.76,1.5
2024-03-03,63,Sun,hot,post_policy,26.95,69.6,28.6,3.42,0.0
2024-03-04,64,Mon,hot,post_policy,23.29,56.6,26.7,2.24,0.0
2024-03-05,65,Tue,hot,post_policy,25.5,58.7,37.7,3.94,0.0
2024-03-06,66,Wed,hot,post_policy,15.97,80.3,16.2,7.22,69.52066341727863
2024-03-07,67,Thu,hot,post_policy,25.74,62.3,31.9,2.32,8.0
2024-03-08,68,Fri,hot,post_policy,25.09,63.0,30.6,3.88,0.0
2024-03-09,69,Sat,hot,post_policy,23.13,59.3,24.4,2.96,0.0
2024-03-10,70,Sun,hot,post_policy,26.51,58.5,29.3,2.43,0.0
2024-03-11,71,Mon,hot,post_policy,24.75,60.2,34.6,2.72,0.0
2024-03-12,72,Tue,hot,post_policy,24.91,73.1,30.2,3.78,0.0
2024-03-13,73,Wed,hot,post_policy,24.35,70.7,40.7,3.86,0.0
2024-03-14,74,Thu,hot,post_policy,24.93,61.2,36.6,2.27,0.0
2024-03-15,75,Fri,hot,post_policy,26.31,60.1,33.9,2.82,0.4
2024-03-16,76,Sat,hot,post_policy,25.65,57.3,35.4,2.92,0.0
2024-03-17,77,Sun,hot,post_policy,26.35,53.5,39.0,2.17,0.0
2024-03-18,78,Mon,hot,post_policy,26.47,60.3,43.6,2.83,0.0
2024-03-19,79,Tue,hot,post_policy,27.7,55.6,40.3,2.88,0.0
2024-03-20,80,Wed,hot,post_policy,25.79,60.6,44.5,3.68,0.0
2024-03-21,81,Thu,hot,post_policy,24.51,55.4,36.0,3.73,0.0
2024-03-22,82,Fri,hot,post_policy,27.65,56.0,42.4,2.66,0.0
2024-03-23,83,Sat,hot,post_policy,26.05,60.8,41.8,2.75,6.2
2024-03-24,84,Sun,hot,post_policy,27.87,60.0,34.2,3.37,0.0
2024-03-25,85,Mon,hot,post_policy,27.08,60.7,45.6,2.5,0.0
2024-03-26,86,Tue,hot,post_policy,26.55,54.0,39.9,3.32,0.0
2024-03-27,87,Wed,hot,post_policy,27.21,62.0,46.8,2.85,11.1
2024-03-28,88,Thu,hot,post_policy,29.22,53.6,47.4,2.24,0.0
2024-03-29,89,Fri,hot,post_policy,29.46,58.9,30.4,2.26,0.0
2024-03-30,90,Sat,hot,post_policy,27.13,58.1,49.8,3.94,0.0
2024-03-31,91,Sun,hot,post_policy,27.33,52.3,24.0,2.82,9.7
2024-04-01,92,Mon,hot,post_policy,28.52,55.4,43.1,4.09,0.0
2024-04-02,93,Tue,hot,post_policy,26.3,59.8,51.6,2.58,0.0
2024-04-03,94,Wed,hot,post_policy,27.8,59.4,45.3,3.15,0.0
2024-04-04,95,Thu,hot,post_policy,27.46,56.5,39.9,4.62,0.0
2024-04-05,96,Fri,hot,post_policy,27.95,62.7,42.2,2.21,0.0
2024-04-06,97,Sat,hot,post_policy,26.66,61.5,51.6,1.63,0.0
2024-04-07,98,Sun,hot,post_policy,25.84,57.0,32.2,3.86,0.0
2024-04-08,99,Mon,hot,post_policy,25.35,61.2,54.3,2.39,0.0
2024-04-09,100,Tue,hot,post_policy,26.59,64.9,48.8,2.95,0.0
2024-04-10,101,Wed,hot,post_policy,27.47,64.1,43.4,2.56,7.0
2024-04-11,102,Thu,hot,post_policy,27.75,51.0,46.8,3.16,7.2
2024-04-12,103,Fri,hot,post_policy,30.52,49.9,44.9,2.31,0.0
2024-04-13,104,Sat,hot,post_policy,29.61,60.2,53.2,2.85,0.0
2024-04-14,105,Sun,hot,post_policy,27.21,51.8,47.8,3.3,0.0
2024-04-15,106,Mon,hot,post_policy,28.87,49.3,42.4,2.28,0.0
2024-04-16,107,Tue,hot,post_policy,28.05,53.3,49.3,2.49,0.4
2024-04-17,108,Wed,hot,post_policy,28.29,56.6,47.3,2.74,0.0
2024-04-18,109,Thu,hot,post_policy,28.94,53.9,58.4,1.99,0.0
2024-04-19,110,Fri,hot,post_policy,29.55,51.1,45.4,2.69,0.0
2024-04-20,111,Sat,hot,post_policy,28.48,51.8,59.0,3.08,14.7
2024-04-21,112,Sun,hot,post_policy,30.25,50.2,46.1,2.71,0.0
2024-04-22,113,Mon,hot,post_policy,27.69,51.5,47.2,2.81,0.0
2024-04-23,114,Tue,hot,post_policy,29.16,62.9,49.9,2.98,0.0
2024-04-24,115,Wed,hot,post_policy,26.92,72.1,19.8,7.02,72.80975315742083
2024-04-25,116,Thu,hot,post_policy,24.39,76.1,19.0,7.38,68.15935411976218
2024-04-26,117,Fri,hot,post_policy,31.12,50.1,54.6,4.0,0.0
2024-04-27,118,Sat,hot,post_policy,29.6,52.4,46.7,2.67,0.0
2024-04-28,119,Sun,hot,post_policy,30.27,49.7,37.2,3.34,0.0
2024-04-29,120,Mon,hot,post_policy,29.59,42.5,52.9,2.83,0.0
2024-04-30,121,Tue,hot,post_policy,29.53,47.6,46.0,3.26,0.0
2024-05-01,122,Wed,hot,post_policy,28.89,46.4,51.5,4.1,0.0
2024-05-02,123,Thu,hot,post_policy,30.42,43.3,50.9,3.36,0.0
2024-05-03,124,Fri,hot,post_policy,28.96,48.7,51.3,1.76,0.0
2024-05-04,125,Sat,hot,post_policy,30.86,57.2,64.4,3.32,0.0
2024-05-05,126,Sun,hot,post_policy,31.45,51.3,49.9,3.86,0.0
2024-05-06,127,Mon,hot,post_policy,30.66,57.2,57.5,2.84,0.0
2024-05-07,128,Tue,hot,post_policy,29.96,54.3,47.6,3.69,0.0
2024-05-08,129,Wed,hot,post_policy,30.92,55.0,53.3,2.51,0.0
2024-05-09,130,Thu,hot,post_policy,30.09,48.9,57.9,1.95,0.0
2024-05-10,131,Fri,hot,post_policy,31.66,53.4,51.8,3.09,0.0
2024-05-11,132,Sat,hot,post_policy,28.41,56.8,,1.76,0.0
2024-05-12,133,Sun,hot,post_policy,30.28,50.1,44.7,2.82,0.0
2024-05-13,134,Mon,hot,post_policy,28.37,56.2,56.0,3.89,0.0
2024-05-14,135,Tue,hot,post_policy,29.04,55.7,54.6,1.65,0.0
2024-05-15,136,Wed,hot,post_policy,32.54,48.5,58.5,2.09,0.0
2024-05-16,137,Thu,hot,post_policy,32.05,46.6,54.6,2.26,0.0
2024-05-17,138,Fri,hot,post_policy,30.18,47.9,56.5,2.94,0.0
2024-05-18,139,Sat,hot,post_policy,29.31,53.7,55.3,2.72,0.0
2024-05-19,140,Sun,hot,post_policy,27.63,56.1,47.9,3.95,6.6
2024-05-20,141,Mon,hot,post_policy,30.6,49.3,60.6,3.64,0.0
2024-05-21,142,Tue,hot,post_policy,34.22,49.7,59.4,3.32,0.0
2024-05-22,143,Wed,hot,post_policy,31.91,53.8,57.9,3.07,2.3
2024-05-23,144,Thu,hot,post_policy,30.78,55.0,56.2,3.24,0.0
2024-05-24,145,Fri,hot,post_policy,32.07,57.7,62.4,2.36,0.0
2024-05-25,146,Sat,hot,post_policy,29.71,58.6,55.8,3.56,0.0
2024-05-26,147,Sun,hot,post_policy,31.28,48.3,50.5,2.17,0.0
2024-05-27,148,Mon,hot,post_policy,31.82,58.7,59.1,3.53,0.0
2024-05-28,149,Tue,hot,post_policy,31.66,50.1,67.1,3.77,0.0
2024-05-29,150,Wed,hot,post_policy,32.77,55.6,51.9,3.09,0.0
2024-05-30,151,Thu,hot,post_policy,32.29,52.1,62.5,2.81,12.1
2024-05-31,152,Fri,rainy,post_policy,32.74,49.9,49.2,3.21,0.0
2024-06-01,153,Sat,rainy,post_policy,31.16,45.7,58.2,0.92,0.0
2024-06-02,154,Sun,rainy,post_policy,33.12,50.8,60.0,3.13,0.0
2024-06-03,155,Mon,rainy,post_policy,34.05,44.6,61.1,2.84,0.0
2024-06-04,156,Tue,rainy,post_policy,30.98,57.3,59.5,2.88,0.0
2024-06-05,157,Wed,rainy,post_policy,31.13,59.5,55.8,3.4,0.0
2024-06-06,158,Thu,rainy,post_policy,33.85,48.2,58.7,2.85,0.0
2024-06-07,159,Fri,rainy,post_policy,32.07,54.1,57.2,2.1,0.0
2024-06-08,160,Sat,rainy,post_policy,34.03,48.6,53.0,2.79,0.0
2024-06-09,161,Sun,rainy,post_policy,31.86,50.9,50.4,2.93,0.0
2024-06-10,162,Mon,rainy,post_policy,34.18,54.7,59.3,2.96,0.0
2024-06-11,163,Tue,rainy,post_policy,32.63,52.9,54.4,2.99,0.0
2024-06-12,164,Wed,rainy,post_policy,32.83,60.0,54.1,3.6,0.0
2024-06-13,165,Thu,rainy,post_policy,34.43,50.0,51.3,2.1,0.0
2024-06-14,166,Fri,rainy,post_policy,32.16,57.8,60.0,2.98,0.0
2024-06-15,167,Sat,rainy,post_policy,31.5,54.9,59.1,3.76,0.0
2024-06-16,168,Sun,rainy,post_policy,32.13,57.4,52.4,1.63,0.0
2024-06-17,169,Mon,rainy,post_policy,33.25,51.7,62.5,2.97,0.0
2024-06-18,170,Tue,rainy,post_policy,30.86,55.3,58.0,2.42,0.0
2024-06-19,171,Wed,rainy,post_policy,33.53,53.1,59.4,2.57,10.4
2024-06-20,172,Thu,rainy,post_policy,32.15,51.5,58.8,2.19,0.0
2024-06-21,173,Fri,rainy,post_policy,34.21,56.0,56.7,2.7,0.0
2024-06-22,174,Sat,rainy,post_policy,29.98,59.5,52.8,4.1,0.0
2024-06-23,175,Sun,rainy,post_policy,31.94,57.9,61.4,1.92,21.7
2024-06-24,176,Mon,rainy,post_policy,30.88,62.7,54.4,1.98,0.0
2024-06-25,177,Tue,rainy,post_policy,31.94,61.7,53.2,1.88,0.0
2024-06-26,178,Wed,rainy,post_policy,33.25,53.6,58.5,3.99,0.0
2024-06-27,179,Thu,rainy,post_policy,32.76,57.2,57.4,2.45,9.6
2024-06-28,180,Fri,rainy,post_policy,32.69,53.4,48.9,2.75,6.3
2024-06-29,181,Sat,rainy,post_policy,32.82,56.1,59.9,2.48,0.0
2024-06-30,182,Sun,rainy,post_policy,33.27,53.5,48.6,2.09,0.0
2024-07-01,183,Mon,rainy,post_policy,31.83,63.7,49.8,2.58,0.0
2024-07-02,184,Tue,rainy,post_policy,33.91,57.2,61.1,4.46,0.0
2024-07-03,185,Wed,rainy,post_policy,33.86,55.1,58.0,3.7,0.0
2024-07-04,186,Thu,rainy,post_policy,33.54,61.3,48.3,2.12,0.0
2024-07-05,187,Fri,rainy,post_policy,33.76,47.8,63.3,3.17,0.0
2024-07-06,188,Sat,rainy,post_policy,33.45,48.9,56.0,2.12,0.0
2024-07-07,189,Sun,rainy,post_policy,35.54,58.7,47.4,1.45,0.0
2024-07-08,190,Mon,rainy,post_policy,33.0,58.0,61.6,3.4,0.0
2024-07-09,191,Tue,rainy,post_policy,32.74,59.2,54.2,3.49,0.0
2024-07-10,192,Wed,rainy,post_policy,32.21,53.6,53.0,3.41,0.0
2024-07-11,193,Thu,rainy,post_policy,31.87,59.3,49.6,2.34,0.0
2024-07-12,194,Fri,rainy,post_policy,31.62,67.8,55.5,2.54,0.0
2024-07-13,195,Sat,rainy,post_policy,32.04,63.0,53.2,3.17,0.0
2024-07-14,196,Sun,rainy,post_policy,33.02,59.8,45.6,2.91,0.0
2024-07-15,197,Mon,rainy,post_policy,33.5,57.3,47.8,2.36,0.9
2024-07-16,198,Tue,rainy,post_policy,33.15,58.0,52.1,1.49,0.0
2024-07-17,199,Wed,rainy,post_policy,32.16,52.0,50.8,2.69,0.0
2024-07-18,200,Thu,rainy,post_policy,34.15,60.2,44.2,3.36,0.0
2024-07-19,201,Fri,rainy,post_policy,33.95,63.0,43.2,1.76,0.0
2024-07-20,202,Sat,rainy,post_policy,32.86,54.4,51.5,3.04,0.0
2024-07-21,203,Sun,rainy,post_policy,32.25,58.8,30.4,2.81,0.0
2024-07-22,204,Mon,rainy,post_policy,33.67,56.0,50.6,3.1,0.0
2024-07-23,205,Tue,rainy,post_policy,33.22,57.3,46.8,3.17,0.0
2024-07-24,206,Wed,rainy,post_policy,31.24,63.2,55.4,2.07,0.0
2024-07-25,207,Thu,rainy,post_policy,32.88,53.6,46.1,1.42,0.0
2024-07-26,208,Fri,rainy,post_policy,33.25,64.4,51.5,2.17,0.0
2024-07-27,209,Sat,rainy,post_policy,31.83,66.3,44.4,3.15,0.0
2024-07-28,210,Sun,rainy,post_policy,33.12,61.5,41.6,2.14,0.0
2024-07-29,211,Mon,rainy,post_policy,31.12,54.5,50.8,2.03,0.0
2024-07-30,212,Tue,rainy,post_policy,34.44,58.0,44.5,1.23,15.9
2024-07-31,213,Wed,rainy,post_policy,34.31,67.3,51.4,3.72,0.0
2024-08-01,214,Thu,rainy,post_policy,32.47,53.0,41.1,3.07,0.0
2024-08-02,215,Fri,rainy,post_policy,33.18,62.4,47.2,3.02,0.0
2024-08-03,216,Sat,rainy,post_policy,29.82,62.0,48.4,3.15,0.0
2024-08-04,217,Sun,rainy,post_policy,31.29,69.0,41.7,2.87,0.0
2024-08-05,218,Mon,rainy,post_policy,32.29,62.6,54.1,2.28,9.2
2024-08-06,219,Tue,rainy,post_policy,31.32,67.9,40.4,2.33,0.0
2024-08-07,220,Wed,rainy,post_policy,33.43,67.1,36.9,2.14,11.8
2024-08-08,221,Thu,rainy,post_policy,34.93,71.3,38.4,4.27,3.4
2024-08-09,222,Fri,rainy,post_policy,31.08,66.4,46.3,2.81,0.0
2024-08-10,223,Sat,rainy,post_policy,31.44,68.7,43.6,2.09,3.8
2024-08-11,224,Sun,rainy,post_policy,32.68,60.5,36.2,2.73,0.0
2024-08-12,225,Mon,rainy,post_policy,34.29,70.2,36.2,1.69,0.0
2024-08-13,226,Tue,rainy,post_policy,30.84,65.4,45.2,3.44,0.8
2024-08-14,227,Wed,rainy,post_policy,32.56,65.1,34.9,1.91,0.0
2024-08-15,228,Thu,rainy,post_policy,34.4,66.0,46.4,2.72,0.9
2024-08-16,229,Fri,rainy,post_policy,30.18,63.5,54.5,3.11,0.0
2024-08-17,230,Sat,rainy,post_policy,30.58,70.6,40.1,2.62,0.0
2024-08-18,231,Sun,rainy,post_policy,31.56,73.0,35.8,2.41,4.4
2024-08-19,232,Mon,rainy,post_policy,31.39,70.7,36.5,2.34,0.0
2024-08-20,233,Tue,rainy,post_policy,32.93,62.2,29.5,2.29,0.0
2024-08-21,234,Wed,rainy,post_policy,32.19,68.9,35.1,1.92,0.0
2024-08-22,235,Thu,rainy,post_policy,29.72,74.6,32.2,2.0,1.3
2024-08-23,236,Fri,rainy,post_policy,32.41,62.2,30.1,3.34,0.0
2024-08-24,237,Sat,rainy,post_policy,31.04,66.8,44.0,2.22,0.0
2024-08-25,238,Sun,rainy,post_policy,33.2,73.1,31.3,1.74,1.0
2024-08-26,239,Mon,rainy,post_policy,30.86,72.8,37.9,1.92,0.0
2024-08-27,240,Tue,rainy,post_policy,30.78,73.7,34.1,3.04,0.2
2024-08-28,241,Wed,rainy,post_policy,32.14,78.6,34.3,2.74,0.0
2024-08-29,242,Thu,rainy,post_policy,32.34,73.1,39.6,2.65,6.9
2024-08-30,243,Fri,rainy,post_policy,31.9,74.5,34.2,2.07,1.2
2024-08-31,244,Sat,rainy,post_policy,29.27,85.0,35.1,2.64,0.0
2024-09-01,245,Sun,rainy,post_policy,31.87,71.5,26.0,1.78,0.0
2024-09-02,246,Mon,rainy,post_policy,29.92,71.0,31.4,2.05,0.0
2024-09-03,247,Tue,rainy,post_policy,31.37,74.9,25.6,2.9,0.0
2024-09-04,248,Wed,rainy,post_policy,29.31,76.9,22.4,2.83,5.4
2024-09-05,249,Thu,rainy,post_policy,31.49,71.5,,1.52,7.1
2024-09-06,250,Fri,rainy,post_policy,29.91,70.9,31.7,1.6,16.7
2024-09-07,251,Sat,rainy,post_policy,29.27,85.1,23.1,2.27,1.4
2024-09-08,252,Sun,rainy,post_policy,31.59,75.5,23.9,3.39,6.5
2024-09-09,253,Mon,rainy,post_policy,30.96,72.0,30.4,0.84,0.0
2024-09-10,254,Tue,rainy,post_policy,29.86,79.7,19.0,2.37,1.1
2024-09-11,255,Wed,rainy,post_policy,32.26,73.9,24.8,1.2,7.2
2024-09-12,256,Thu,rainy,post_policy,,75.4,31.0,1.72,0.3
2024-09-13,257,Fri,rainy,post_policy,30.41,78.4,30.5,1.9,15.0
2024-09-14,258,Sat,rainy,post_policy,30.61,71.1,20.9,1.85,9.2
2024-09-15,259,Sun,rainy,post_policy,29.47,78.8,22.0,1.77,0.0
2024-09-16,260,Mon,rainy,post_policy,30.7,84.2,32.4,2.14,4.9
2024-09-17,261,Tue,rainy,post_policy,24.45,99.0,12.3,5.6,68.79154017576194
2024-09-18,262,Wed,rainy,post_policy,29.49,76.4,26.0,1.1,0.0
2024-09-19,263,Thu,rainy,post_policy,31.54,74.5,23.8,2.66,6.0
2024-09-20,264,Fri,rainy,post_policy,28.57,77.4,22.6,2.64,0.0
2024-09-21,265,Sat,rainy,post_policy,26.85,79.6,26.2,2.7,9.3
2024-09-22,266,Sun,rainy,post_policy,31.59,75.5,19.4,1.02,23.3
2024-09-23,267,Mon,rainy,post_policy,32.64,80.0,27.7,2.31,12.7
2024-09-24,268,Tue,rainy,post_policy,29.01,72.5,24.9,2.56,0.0
2024-09-25,269,Wed,rainy,post_policy,27.09,84.6,27.9,1.36,6.7
2024-09-26,270,Thu,rainy,post_policy,28.96,78.3,23.9,2.09,3.1
2024-09-27,271,Fri,rainy,post_policy,28.91,81.5,27.0,2.0,1.1
2024-09-28,272,Sat,rainy,post_policy,28.94,75.6,25.6,3.36,0.0
2024-09-29,273,Sun,rainy,post_policy,27.75,86.6,11.8,3.42,4.1
2024-09-30,274,Mon,rainy,post_policy,29.7,84.8,12.9,0.9,0.3
2024-10-01,275,Tue,rainy,post_policy,29.55,84.0,29.3,3.81,0.0
2024-10-02,276,Wed,rainy,post_policy,27.05,76.2,22.6,1.42,0.8
2024-10-03,277,Thu,rainy,post_policy,29.59,83.7,12.3,2.74,11.1
2024-10-04,278,Fri,rainy,post_policy,31.13,80.9,17.0,2.73,2.4
2024-10-05,279,Sat,rainy,post_policy,28.79,74.9,22.6,1.35,7.2
2024-10-06,280,Sun,rainy,post_policy,28.1,81.9,12.0,2.39,0.0
2024-10-07,281,Mon,rainy,post_policy,28.25,83.5,17.0,1.96,18.4
2024-10-08,282,Tue,rainy,post_policy,29.07,83.7,26.2,2.42,0.4
2024-10-09,283,Wed,rainy,post_policy,26.17,84.6,13.7,2.19,17.6
2024-10-10,284,Thu,rainy,post_policy,28.36,83.5,14.6,2.87,1.6
2024-10-11,285,Fri,rainy,post_policy,27.61,88.9,19.3,2.08,0.0
2024-10-12,286,Sat,rainy,post_policy,30.22,85.9,18.4,1.91,7.4
2024-10-13,287,Sun,rainy,post_policy,27.71,71.7,13.7,2.79,0.0
2024-10-14,288,Mon,rainy,post_policy,29.83,80.3,21.9,2.42,25.3
2024-10-15,289,Tue,rainy,post_policy,26.42,83.7,18.1,2.53,5.4
2024-10-16,290,Wed,rainy,post_policy,28.37,75.9,19.2,1.55,1.9
2024-10-17,291,Thu,rainy,post_policy,27.96,83.7,15.2,1.28,0.0
2024-10-18,292,Fri,rainy,post_policy,26.46,89.6,16.6,1.61,6.4
2024-10-19,293,Sat,rainy,post_policy,27.63,79.4,15.0,1.57,6.4
2024-10-20,294,Sun,rainy,post_policy,28.79,84.3,10.3,2.56,0.0
2024-10-21,295,Mon,rainy,post_policy,26.86,80.9,19.3,2.69,2.4
2024-10-22,296,Tue,rainy,post_policy,25.14,83.3,18.0,1.9,4.4
2024-10-23,297,Wed,rainy,post_policy,27.07,90.4,15.2,3.01,13.9
2024-10-24,298,Thu,rainy,post_policy,25.92,83.3,10.7,2.96,0.0
2024-10-25,299,Fri,rainy,post_policy,26.51,86.9,14.8,2.17,1.8
2024-10-26,300,Sat,rainy,post_policy,26.75,77.4,12.6,1.43,11.2
2024-10-27,301,Sun,rainy,post_policy,24.72,94.0,8.5,3.1,1.5
2024-10-28,302,Mon,rainy,post_policy,24.75,89.0,24.8,1.96,8.7
2024-10-29,303,Tue,rainy,post_policy,27.18,84.0,11.0,2.09,15.5
2024-10-30,304,Wed,rainy,post_policy,25.9,88.1,15.5,1.76,11.5
2024-10-31,305,Thu,cool,post_policy,23.37,82.2,18.5,1.38,0.1
2024-11-01,306,Fri,cool,post_policy,27.31,89.4,13.5,0.97,5.7
2024-11-02,307,Sat,cool,post_policy,26.62,84.0,23.0,2.44,0.0
2024-11-03,308,Sun,cool,post_policy,25.36,85.5,5.0,1.45,3.1
2024-11-04,309,Mon,cool,post_policy,24.56,85.0,14.1,4.14,11.0
2024-11-05,310,Tue,cool,post_policy,27.07,82.6,8.3,1.24,0.0
2024-11-06,311,Wed,cool,post_policy,,88.2,10.4,1.12,0.0
2024-11-07,312,Thu,cool,post_policy,28.78,84.6,13.2,2.36,0.0
2024-11-08,313,Fri,cool,post_policy,26.35,88.1,16.1,3.08,1.5
2024-11-09,314,Sat,cool,post_policy,26.24,85.6,11.8,2.05,0.4
2024-11-10,315,Sun,cool,post_policy,25.5,88.2,11.4,2.41,5.5
2024-11-11,316,Mon,cool,post_policy,26.61,83.6,11.0,0.72,2.3
2024-11-12,317,Tue,cool,post_policy,26.31,94.4,9.7,1.54,5.6
2024-11-13,318,Wed,cool,post_policy,27.0,78.6,24.8,1.26,16.7
2024-11-14,319,Thu,cool,post_policy,24.8,91.7,13.1,0.69,7.8
2024-11-15,320,Fri,cool,post_policy,24.84,92.0,7.4,2.1,0.4
2024-11-16,321,Sat,cool,post_policy,24.72,83.2,6.0,0.45,0.0
2024-11-17,322,Sun,cool,post_policy,26.18,94.3,5.0,1.1,8.7
2024-11-18,323,Mon,cool,post_policy,26.96,88.7,15.5,1.65,0.0
2024-11-19,324,Tue,cool,post_policy,24.55,90.5,8.9,1.45,0.0
2024-11-20,325,Wed,cool,post_policy,24.53,86.7,11.3,2.31,19.3
2024-11-21,326,Thu,cool,post_policy,25.35,85.0,10.3,2.25,6.5
2024-11-22,327,Fri,cool,post_policy,24.62,85.5,14.2,2.67,10.5
2024-11-23,328,Sat,cool,post_policy,26.0,86.7,5.0,2.57,3.9
2024-11-24,329,Sun,cool,post_policy,22.1,93.8,5.0,2.85,0.0
2024-11-25,330,Mon,cool,post_policy,23.75,87.6,11.6,2.05,0.3
2024-11-26,331,Tue,cool,post_policy,23.74,83.1,13.5,2.27,1.3
2024-11-27,332,Wed,cool,post_policy,21.84,91.5,12.1,2.42,0.4
2024-11-28,333,Thu,cool,post_policy,16.34,99.0,2.6,6.53,60.90369191220444
2024-11-29,334,Fri,cool,post_policy,23.42,89.3,13.9,1.79,8.9
2024-11-30,335,Sat,cool,post_policy,24.23,89.0,5.3,1.84,1.1
2024-12-01,336,Sun,cool,post_policy,25.75,83.6,5.0,1.5,0.0
2024-12-02,337,Mon,cool,post_policy,24.08,82.2,5.8,2.37,0.0
2024-12-03,338,Tue,cool,post_policy,23.08,83.1,17.1,2.02,7.2
2024-12-04,339,Wed,cool,post_policy,24.21,79.0,13.8,1.63,13.6
2024-12-05,340,Thu,cool,post_policy,25.49,85.4,13.7,1.63,0.0
2024-12-06,341,Fri,cool,post_policy,23.01,85.9,17.0,1.25,7.3
2024-12-07,342,Sat,cool,post_policy,23.05,84.3,23.4,2.79,0.0
2024-12-08,343,Sun,cool,post_policy,24.77,72.8,5.0,2.16,0.0
2024-12-09,344,Mon,cool,post_policy,23.79,80.3,7.3,1.51,1.6
2024-12-10,345,Tue,cool,post_policy,24.79,88.8,8.0,2.69,12.6
2024-12-11,346,Wed,cool,post_policy,23.96,82.2,6.9,1.73,27.6
2024-12-12,347,Thu,cool,post_policy,24.78,85.5,5.9,1.15,1.4
2024-12-13,348,Fri,cool,post_policy,22.67,80.0,9.9,2.85,4.2
2024-12-14,349,Sat,cool,post_policy,23.86,90.2,5.0,1.77,0.0
2024-12-15,350,Sun,cool,post_policy,23.59,83.9,6.8,1.86,8.3
2024-12-16,351,Mon,cool,post_policy,22.35,86.5,12.0,2.19,0.0
2024-12-17,352,Tue,cool,post_policy,21.9,94.8,14.3,2.96,0.0
2024-12-18,353,Wed,cool,post_policy,24.57,89.3,14.6,2.18,27.5
2024-12-19,354,Thu,cool,post_policy,23.3,82.9,15.2,1.34,20.6
2024-12-20,355,Fri,cool,post_policy,22.47,82.2,10.5,2.56,10.1
2024-12-21,356,Sat,cool,post_policy,23.56,82.2,21.6,1.85,0.0
2024-12-22,357,Sun,cool,post_policy,25.0,84.2,7.4,3.52,0.0
2024-12-23,358,Mon,cool,post_policy,20.89,84.9,5.0,2.2,0.0
2024-12-24,359,Tue,cool,post_policy,21.81,82.8,8.0,0.65,0.0
2024-12-25,360,Wed,cool,post_policy,15.86,99.0,2.0,6.18,71.42484741339578
2024-12-26,361,Thu,cool,post_policy,25.32,80.7,13.5,3.59,0.0
2024-12-27,362,Fri,cool,post_policy,23.89,91.3,13.0,3.33,0.0
2024-12-28,363,Sat,cool,post_policy,24.46,81.8,10.0,3.52,0.0
2024-12-29,364,Sun,cool,post_policy,17.18,99.0,7.1,5.77,68.6689644069242
2024-12-30,365,Mon,cool,post_policy,22.17,84.3,17.1,2.89,0.0
